Workbook

Sheet Backlog Original
C1: BACKLOG ANDREA
C2: Semana | E2: 15 | F2: 16 | G2: 17 | H2: 18 | I2: 19 | J2: 20 | K2: 21 | L2: Total general | M2: Modelo | N2: Total Pares | O2: PRELIMINARES | P2: ROBOT | Q2: POST | R2: N/A PRELIMINAR | S2: TOTAL HRS | T2: MAQUILA | U2: TOTAL HRS
C3: Alternativa
C4: 68127 NE/RO SLI | E4: 300 | F4: 300 | G4: 300 | H4: 400 | I4: 1000 | J4: 1000 | K4: 600 | L4: =SUM(E4:K4) -> 3900 | M4: 68127 NE/RO SLI | N4: 3900 | O4: 117 | P4: 284.9 | Q4: 78 | R4: 39 | S4: =SUM(O4:R4) -> 518.9 | T4: — | U4: 518.9
C5: 64197 NE SLI | E5: 900 | F5: 600 | G5: 800 | H5: 500 | I5: 500 | J5: 800 | L5: =SUM(E5:K5) -> 4100 | M5: 64197 NE SLI | N5: 4100 | O5: — | P5: 53.5 | Q5: 123 | R5: 41 | S5: =SUM(O5:R5) -> 217.5 | T5: — | U5: 217.5
C6: 65568 RO/HU SLI | E6: 400 | F6: 700 | G6: 700 | H6: 600 | I6: 300 | J6: 600 | L6: =SUM(E6:K6) -> 3300 | M6: 65568 RO/HU SLI | N6: 3300 | O6: 99 | P6: 83.4 | Q6: 99 | R6: — | S6: =SUM(O6:R6) -> 281.4 | T6: — | U6: 281.4
C7: 77525 NE TEX | E7: 500 | F7: 800 | G7: 800 | H7: 500 | I7: 500 | J7: 400 | L7: =SUM(E7:K7) -> 3500 | M7: 77525 NE TEX | N7: 3500 | O7: — | P7: — | Q7: 105 | R7: — | S7: =SUM(O7:R7) -> 105 | T7: 455 | U7: 560
C8: 94750 AA SLI | E8: 500 | F8: 500 | G8: 500 | H8: 500 | I8: 500 | J8: 500 | L8: =SUM(E8:K8) -> 3000 | M8: 94750 AA SLI | N8: 3000 | O8: 60 | P8: 83.3 | Q8: 30 | R8: — | S8: =SUM(O8:R8) -> 173.3 | T8: 100 | U8: 273.3
C9: 61747 GC SLI | E9: 300 | F9: 300 | G9: 300 | H9: 300 | I9: 300 | J9: 300 | L9: =SUM(E9:K9) -> 1800 | M9: 61747 GC SLI | N9: 1800 | O9: 108 | P9: 30 | Q9: 90 | R9: — | S9: =SUM(O9:R9) -> 228 | T9: 212 | U9: 440
C10: 65422 HU SLI | E10: 300 | F10: 300 | G10: 300 | H10: 400 | I10: 400 | J10: 300 | L10: =SUM(E10:K10) -> 2000 | M10: 65422 HU SLI | N10: 2000 | O10: 24.4 | P10: 86.1 | Q10: 161.1 | R10: 23.3 | S10: =SUM(O10:R10) -> 294.9 | T10: — | U10: 294.9
C11: 88186 NE SLI | E11: 300 | F11: 300 | G11: 300 | H11: 300 | I11: 300 | J11: 300 | L11: =SUM(E11:K11) -> 1800 | M11: 88186 NE SLI | N11: 1800 | O11: 72 | P11: 72.5 | Q11: 54 | R11: 18 | S11: =SUM(O11:R11) -> 216.5 | T11: — | U11: 216.5
C12: 62100 BL SLI | E12: 300 | F12: 300 | G12: 300 | H12: 300 | I12: 300 | J12: 300 | L12: =SUM(E12:K12) -> 1800 | M12: 62100 BL SLI | N12: 1800 | O12: 67 | P12: 70.5 | Q12: 329 | R12: — | S12: =SUM(O12:R12) -> 466.5 | T12: — | U12: 466.5
C13: 61748 KR SLI | E13: 300 | F13: 300 | G13: 300 | I13: 300 | J13: 300 | L13: =SUM(E13:K13) -> 1500 | M13: 61748 KR SLI | N13: 1500 | O13: 75 | P13: 75 | Q13: 100 | R13: 25 | S13: =SUM(O13:R13) -> 275 | T13: — | U13: 275
C14: 65413 NE/CG/VI SLI | E14: 700 | F14: 300 | J14: 600 | L14: =SUM(E14:K14) -> 1600 | M14: 65413 NE/CG/VI SLI | N14: 1600 | O14: — | P14: 55.6 | Q14: 64 | R14: — | S14: =SUM(O14:R14) -> 119.6 | T14: — | U14: 119.6
C15: 93347 CA SLI | I15: 500 | J15: 500 | K15: 500 | L15: =SUM(E15:K15) -> 1500 | M15: 93347 CA SLI | N15: 1500 | O15: SIN CATALOGO | U15: —
C16: 69906 BL SLI | E16: 300 | F16: 300 | G16: 300 | H16: 300 | L16: =SUM(E16:K16) -> 1200 | M16: 69906 BL SLI | N16: 1200 | O16: SIN CATALOGO | U16: —
C17: 93349 RS SLI | I17: 400 | J17: 400 | K17: 400 | L17: =SUM(E17:K17) -> 1200 | M17: 93349 RS SLI | N17: 1200 | O17: SIN CATALOGO | U17: —
C18: 93346 NE SLI | I18: 400 | J18: 400 | K18: 400 | L18: =SUM(E18:K18) -> 1200 | M18: 93346 NE SLI | N18: 1200 | O18: SIN CATALOGO | U18: —
E19: =SUM(E4:E18) -> 5100 | F19: =SUM(F4:F18) -> 5000 | G19: =SUM(G4:G18) -> 4900 | H19: =SUM(H4:H18) -> 4100 | I19: =SUM(I4:I18) -> 5700 | J19: =SUM(J4:J18) -> 6700 | K19: =SUM(K4:K18) -> 1900 | L19: =SUM(E19:K19) -> 33400 | M19: TOTAL | N19: 33400 | O19: 622.4 | P19: 894.8 | Q19: 1233.1 | R19: 146.3 | S19: =SUM(S4:S14) -> 2896.6 | T19: 767 | U19: 3663.6

Sheet Backlog
A1: PROPUESTA OPTIMIZADA — BACKLOG ANDREA (SEM 15-21)
A2: Distribucion balanceando carga PRELIM/ROBOT/POST por semana
B4: Modelo | C4: Sem 15 | D4: Sem 16 | E4: Sem 17 | F4: Sem 18 | G4: Sem 19 | H4: Sem 20 | I4: Sem 21 | J4: Total
B5: 68127 NE/RO SLI | C5: 1300 | D5: 1300 | E5: 1300 | J5: =SUM(C5:I5) -> 3900
B6: 64197 NE SLI | D6: 1300 | H6: 1300 | I6: 1500 | J6: =SUM(C6:I6) -> 4100
B7: 65568 RO/HU SLI | C7: 1100 | H7: 1100 | I7: 1100 | J7: =SUM(C7:I7) -> 3300
B8: 77525 NE TEX | E8: 1100 | F8: 1100 | G8: 1300 | J8: =SUM(C8:I8) -> 3500
B9: 94750 AA SLI | H9: 1500 | I9: 1500 | J9: =SUM(C9:I9) -> 3000
B10: 61747 GC SLI | H10: 900 | I10: 900 | J10: =SUM(C10:I10) -> 1800
B11: 65422 HU SLI | D11: 1000 | E11: 1000 | J11: =SUM(C11:I11) -> 2000
B12: 88186 NE SLI | F12: 900 | G12: 900 | J12: =SUM(C12:I12) -> 1800
B13: 62100 BL SLI | F13: 900 | G13: 900 | J13: =SUM(C13:I13) -> 1800
B14: 61748 KR SLI | C14: 1500 | J14: =SUM(C14:I14) -> 1500
B15: 65413 NE/CG/VI SLI | D15: 800 | E15: 800 | J15: =SUM(C15:I15) -> 1600
B16: 93347 CA SLI | C16: 500 | F16: 500 | G16: 500 | J16: =SUM(C16:I16) -> 1500
B17: 69906 BL SLI | F17: 600 | G17: 600 | J17: =SUM(C17:I17) -> 1200
B18: 93349 RS SLI | E18: 600 | F18: 600 | J18: =SUM(C18:I18) -> 1200
B19: 93346 NE SLI | C19: 600 | G19: 600 | J19: =SUM(C19:I19) -> 1200
B20: TOTAL | C20: =SUM(C5:C19) -> 5000 | D20: =SUM(D5:D19) -> 4400 | E20: =SUM(E5:E19) -> 4800 | F20: =SUM(F5:F19) -> 4600 | G20: =SUM(G5:G19) -> 4800 | H20: =SUM(H5:H19) -> 4800 | I20: =SUM(I5:I19) -> 5000 | J20: =SUM(J5:J19) -> 33400

Sheet Total General
A1: MATRIZ DE HORAS POR ETAPA — TOTAL ACUMULADO (SEM 15-21)
B2: JORNADA HRS → | C2: 9 | D2: HC → | F2: 4 | H2: HC → | J2: 6 | L2: HC → | N2: 8
B3: Modelo | C3: Total Pares | D3: PRELIMINARES | H3: ROBOT | L3: POST | P3: N/A PRELIMINAR | R3: MAQUILA | T3: TOTAL
D4: Seg/Par | E4: HORAS | F4: PERSONAS | G4: DIAS | H4: Seg/Par | I4: HORAS | J4: PERSONAS | K4: DIAS | L4: Seg/Par | M4: HORAS | N4: PERSONAS | O4: DIAS | P4: Seg/Par | Q4: HORAS | R4: Seg/Par | S4: HORAS | T4: HRS
B6: 68127 NE/RO SLI | C6: 3900 | D6: 108 | E6: =C6*D6/3600 -> 117 | F6: =E6/$F$2 -> 29.25 | G6: =F6/$C$2 -> 3.25 | H6: 263 | I6: =C6*H6/3600 -> 284.91667 | J6: =I6/$J$2 -> 47.486111 | K6: =J6/$C$2 -> 5.2762346 | L6: 72 | M6: =C6*L6/3600 -> 78 | N6: =M6/$N$2 -> 9.75 | O6: =N6/$C$2 -> 1.0833333 | P6: 36 | Q6: =C6*P6/3600 -> 39 | R6: — | S6: — | T6: =E6+I6+M6+Q6 -> 518.91667
B7: 64197 NE SLI | C7: 4100 | D7: — | E7: — | F7: — | G7: — | H7: 47 | I7: =C7*H7/3600 -> 53.527778 | J7: =I7/$J$2 -> 8.9212963 | K7: =J7/$C$2 -> 0.99125514 | L7: 108 | M7: =C7*L7/3600 -> 123 | N7: =M7/$N$2 -> 15.375 | O7: =N7/$C$2 -> 1.7083333 | P7: 36 | Q7: =C7*P7/3600 -> 41 | R7: — | S7: — | T7: =I7+M7+Q7 -> 217.52778
B8: 65568 RO/HU SLI | C8: 3300 | D8: 108 | E8: =C8*D8/3600 -> 99 | F8: =E8/$F$2 -> 24.75 | G8: =F8/$C$2 -> 2.75 | H8: 91 | I8: =C8*H8/3600 -> 83.416667 | J8: =I8/$J$2 -> 13.902778 | K8: =J8/$C$2 -> 1.5447531 | L8: 108 | M8: =C8*L8/3600 -> 99 | N8: =M8/$N$2 -> 12.375 | O8: =N8/$C$2 -> 1.375 | P8: — | Q8: — | R8: — | S8: — | T8: =E8+I8+M8 -> 281.41667
B9: 77525 NE TEX | C9: 3500 | D9: — | E9: — | F9: — | G9: — | H9: — | I9: — | J9: — | K9: — | L9: 108 | M9: =C9*L9/3600 -> 105 | N9: =M9/$N$2 -> 13.125 | O9: =N9/$C$2 -> 1.4583333 | P9: — | Q9: — | R9: 468 | S9: =C9*R9/3600 -> 455 | T9: =M9+S9 -> 560
B10: 94750 AA SLI | C10: 3000 | D10: 72 | E10: =C10*D10/3600 -> 60 | F10: =E10/$F$2 -> 15 | G10: =F10/$C$2 -> 1.6666667 | H10: 100 | I10: =C10*H10/3600 -> 83.333333 | J10: =I10/$J$2 -> 13.888889 | K10: =J10/$C$2 -> 1.5432099 | L10: 36 | M10: =C10*L10/3600 -> 30 | N10: =M10/$N$2 -> 3.75 | O10: =N10/$C$2 -> 0.41666667 | P10: — | Q10: — | R10: 120 | S10: =C10*R10/3600 -> 100 | T10: =E10+I10+M10+S10 -> 273.33333
B11: 61747 GC SLI | C11: 1800 | D11: 216 | E11: =C11*D11/3600 -> 108 | F11: =E11/$F$2 -> 27 | G11: =F11/$C$2 -> 3 | H11: 60 | I11: =C11*H11/3600 -> 30 | J11: =I11/$J$2 -> 5 | K11: =J11/$C$2 -> 0.55555556 | L11: 180 | M11: =C11*L11/3600 -> 90 | N11: =M11/$N$2 -> 11.25 | O11: =N11/$C$2 -> 1.25 | P11: — | Q11: — | R11: 424 | S11: =C11*R11/3600 -> 212 | T11: =E11+I11+M11+S11 -> 440
B12: 65422 HU SLI | C12: 2000 | D12: 44 | E12: =C12*D12/3600 -> 24.444444 | F12: =E12/$F$2 -> 6.1111111 | G12: =F12/$C$2 -> 0.67901235 | H12: 155 | I12: =C12*H12/3600 -> 86.111111 | J12: =I12/$J$2 -> 14.351852 | K12: =J12/$C$2 -> 1.5946502 | L12: 290 | M12: =C12*L12/3600 -> 161.11111 | N12: =M12/$N$2 -> 20.138889 | O12: =N12/$C$2 -> 2.2376543 | P12: 42 | Q12: =C12*P12/3600 -> 23.333333 | R12: — | S12: — | T12: =E12+I12+M12+Q12 -> 295
B13: 88186 NE SLI | C13: 1800 | D13: 144 | E13: =C13*D13/3600 -> 72 | F13: =E13/$F$2 -> 18 | G13: =F13/$C$2 -> 2 | H13: 145 | I13: =C13*H13/3600 -> 72.5 | J13: =I13/$J$2 -> 12.083333 | K13: =J13/$C$2 -> 1.3425926 | L13: 108 | M13: =C13*L13/3600 -> 54 | N13: =M13/$N$2 -> 6.75 | O13: =N13/$C$2 -> 0.75 | P13: 36 | Q13: =C13*P13/3600 -> 18 | R13: — | S13: — | T13: =E13+I13+M13+Q13 -> 216.5
B14: 62100 BL SLI | C14: 1800 | D14: 134 | E14: =C14*D14/3600 -> 67 | F14: =E14/$F$2 -> 16.75 | G14: =F14/$C$2 -> 1.8611111 | H14: 141 | I14: =C14*H14/3600 -> 70.5 | J14: =I14/$J$2 -> 11.75 | K14: =J14/$C$2 -> 1.3055556 | L14: 658 | M14: =C14*L14/3600 -> 329 | N14: =M14/$N$2 -> 41.125 | O14: =N14/$C$2 -> 4.5694444 | P14: — | Q14: — | R14: — | S14: — | T14: =E14+I14+M14 -> 466.5
B15: 61748 KR SLI | C15: 1500 | D15: 180 | E15: =C15*D15/3600 -> 75 | F15: =E15/$F$2 -> 18.75 | G15: =F15/$C$2 -> 2.0833333 | H15: 180 | I15: =C15*H15/3600 -> 75 | J15: =I15/$J$2 -> 12.5 | K15: =J15/$C$2 -> 1.3888889 | L15: 240 | M15: =C15*L15/3600 -> 100 | N15: =M15/$N$2 -> 12.5 | O15: =N15/$C$2 -> 1.3888889 | P15: 60 | Q15: =C15*P15/3600 -> 25 | R15: — | S15: — | T15: =E15+I15+M15+Q15 -> 275
B16: 65413 NE/CG/VI SLI | C16: 1600 | D16: — | E16: — | F16: — | G16: — | H16: 125 | I16: =C16*H16/3600 -> 55.555556 | J16: =I16/$J$2 -> 9.2592593 | K16: =J16/$C$2 -> 1.0288066 | L16: 144 | M16: =C16*L16/3600 -> 64 | N16: =M16/$N$2 -> 8 | O16: =N16/$C$2 -> 0.88888889 | P16: — | Q16: — | R16: — | S16: — | T16: =I16+M16 -> 119.55556
B17: 93347 CA SLI | C17: 1500 | D17: SIN CATALOGO | T17: —
B18: 69906 BL SLI | C18: 1200 | D18: SIN CATALOGO | T18: —
B19: 93349 RS SLI | C19: 1200 | D19: SIN CATALOGO | T19: —
B20: 93346 NE SLI | C20: 1200 | D20: SIN CATALOGO | T20: —
B21: TOTAL | C21: =SUM(C6:C20) -> 33400 | E21: =SUM(E6:E20) -> 622.44444 | F21: =SUM(F6:F20) -> 155.61111 | G21: =SUM(G6:G20) -> 17.290123 | I21: =SUM(I6:I20) -> 894.86111 | J21: =SUM(J6:J20) -> 149.14352 | K21: =SUM(K6:K20) -> 16.571502 | M21: =SUM(M6:M20) -> 1233.1111 | N21: =SUM(N6:N20) -> 154.13889 | O21: =SUM(O6:O20) -> 17.126543 | Q21: =SUM(Q6:Q20) -> 146.33333 | S21: =SUM(S6:S20) -> 767 | T21: =SUM(T6:T20) -> 3663.75

Sheet Sem 15
A1: HORAS POR ETAPA — SEMANA 15
B2: JORNADA HRS → | C2: 9 | D2: HC → | F2: 4 | H2: HC → | J2: 6 | L2: HC → | N2: 8
B3: Modelo | C3: Pares Sem | D3: PRELIMINARES | H3: ROBOT | L3: POST | P3: N/A PRELIMINAR | R3: MAQUILA | T3: TOTAL
D4: Seg/Par | E4: HORAS | F4: PERSONAS | G4: DIAS | H4: Seg/Par | I4: HORAS | J4: PERSONAS | K4: DIAS | L4: Seg/Par | M4: HORAS | N4: PERSONAS | O4: DIAS | P4: Seg/Par | Q4: HORAS | R4: Seg/Par | S4: HORAS | T4: HRS
B6: 68127 NE/RO SLI | C6: 1300 | D6: 108 | E6: =C6*D6/3600 -> 39 | F6: =E6/$F$2 -> 9.75 | G6: =F6/$C$2 -> 1.0833333 | H6: 263 | I6: =C6*H6/3600 -> 94.972222 | J6: =I6/$J$2 -> 15.828704 | K6: =J6/$C$2 -> 1.7587449 | L6: 72 | M6: =C6*L6/3600 -> 26 | N6: =M6/$N$2 -> 3.25 | O6: =N6/$C$2 -> 0.36111111 | P6: 36 | Q6: =C6*P6/3600 -> 13 | R6: — | S6: — | T6: =E6+I6+M6+Q6 -> 172.97222
B7: 65568 RO/HU SLI | C7: 1100 | D7: 108 | E7: =C7*D7/3600 -> 33 | F7: =E7/$F$2 -> 8.25 | G7: =F7/$C$2 -> 0.91666667 | H7: 91 | I7: =C7*H7/3600 -> 27.805556 | J7: =I7/$J$2 -> 4.6342593 | K7: =J7/$C$2 -> 0.5149177 | L7: 108 | M7: =C7*L7/3600 -> 33 | N7: =M7/$N$2 -> 4.125 | O7: =N7/$C$2 -> 0.45833333 | P7: — | Q7: — | R7: — | S7: — | T7: =E7+I7+M7 -> 93.805556
B8: 61748 KR SLI | C8: 1500 | D8: 180 | E8: =C8*D8/3600 -> 75 | F8: =E8/$F$2 -> 18.75 | G8: =F8/$C$2 -> 2.0833333 | H8: 180 | I8: =C8*H8/3600 -> 75 | J8: =I8/$J$2 -> 12.5 | K8: =J8/$C$2 -> 1.3888889 | L8: 240 | M8: =C8*L8/3600 -> 100 | N8: =M8/$N$2 -> 12.5 | O8: =N8/$C$2 -> 1.3888889 | P8: 60 | Q8: =C8*P8/3600 -> 25 | R8: — | S8: — | T8: =E8+I8+M8+Q8 -> 275
B9: 93347 CA SLI | C9: 500 | D9: SIN CATALOGO | T9: —
B10: 93346 NE SLI | C10: 600 | D10: SIN CATALOGO | T10: —
B11: TOTAL | C11: =SUM(C6:C10) -> 5000 | E11: =SUM(E6:E10) -> 147 | F11: =SUM(F6:F10) -> 36.75 | G11: =SUM(G6:G10) -> 4.0833333 | I11: =SUM(I6:I10) -> 197.77778 | J11: =SUM(J6:J10) -> 32.962963 | K11: =SUM(K6:K10) -> 3.6625514 | M11: =SUM(M6:M10) -> 159 | N11: =SUM(N6:N10) -> 19.875 | O11: =SUM(O6:O10) -> 2.2083333 | Q11: =SUM(Q6:Q10) -> 38 | S11: =SUM(S6:S10) -> 0 | T11: =SUM(T6:T10) -> 541.77778

Sheet Sem 16
A1: HORAS POR ETAPA — SEMANA 16
B2: JORNADA HRS → | C2: 9 | D2: HC → | F2: 4 | H2: HC → | J2: 6 | L2: HC → | N2: 8
B3: Modelo | C3: Pares Sem | D3: PRELIMINARES | H3: ROBOT | L3: POST | P3: N/A PRELIMINAR | R3: MAQUILA | T3: TOTAL
D4: Seg/Par | E4: HORAS | F4: PERSONAS | G4: DIAS | H4: Seg/Par | I4: HORAS | J4: PERSONAS | K4: DIAS | L4: Seg/Par | M4: HORAS | N4: PERSONAS | O4: DIAS | P4: Seg/Par | Q4: HORAS | R4: Seg/Par | S4: HORAS | T4: HRS
B6: 68127 NE/RO SLI | C6: 1300 | D6: 108 | E6: =C6*D6/3600 -> 39 | F6: =E6/$F$2 -> 9.75 | G6: =F6/$C$2 -> 1.0833333 | H6: 263 | I6: =C6*H6/3600 -> 94.972222 | J6: =I6/$J$2 -> 15.828704 | K6: =J6/$C$2 -> 1.7587449 | L6: 72 | M6: =C6*L6/3600 -> 26 | N6: =M6/$N$2 -> 3.25 | O6: =N6/$C$2 -> 0.36111111 | P6: 36 | Q6: =C6*P6/3600 -> 13 | R6: — | S6: — | T6: =E6+I6+M6+Q6 -> 172.97222
B7: 64197 NE SLI | C7: 1300 | D7: — | E7: — | F7: — | G7: — | H7: 47 | I7: =C7*H7/3600 -> 16.972222 | J7: =I7/$J$2 -> 2.8287037 | K7: =J7/$C$2 -> 0.31430041 | L7: 108 | M7: =C7*L7/3600 -> 39 | N7: =M7/$N$2 -> 4.875 | O7: =N7/$C$2 -> 0.54166667 | P7: 36 | Q7: =C7*P7/3600 -> 13 | R7: — | S7: — | T7: =I7+M7+Q7 -> 68.972222
B8: 65422 HU SLI | C8: 1000 | D8: 44 | E8: =C8*D8/3600 -> 12.222222 | F8: =E8/$F$2 -> 3.0555556 | G8: =F8/$C$2 -> 0.33950617 | H8: 155 | I8: =C8*H8/3600 -> 43.055556 | J8: =I8/$J$2 -> 7.1759259 | K8: =J8/$C$2 -> 0.7973251 | L8: 290 | M8: =C8*L8/3600 -> 80.555556 | N8: =M8/$N$2 -> 10.069444 | O8: =N8/$C$2 -> 1.1188272 | P8: 42 | Q8: =C8*P8/3600 -> 11.666667 | R8: — | S8: — | T8: =E8+I8+M8+Q8 -> 147.5
B9: 65413 NE/CG/VI SLI | C9: 800 | D9: — | E9: — | F9: — | G9: — | H9: 125 | I9: =C9*H9/3600 -> 27.777778 | J9: =I9/$J$2 -> 4.6296296 | K9: =J9/$C$2 -> 0.51440329 | L9: 144 | M9: =C9*L9/3600 -> 32 | N9: =M9/$N$2 -> 4 | O9: =N9/$C$2 -> 0.44444444 | P9: — | Q9: — | R9: — | S9: — | T9: =I9+M9 -> 59.777778
B10: TOTAL | C10: =SUM(C6:C9) -> 4400 | E10: =SUM(E6:E9) -> 51.222222 | F10: =SUM(F6:F9) -> 12.805556 | G10: =SUM(G6:G9) -> 1.4228395 | I10: =SUM(I6:I9) -> 182.77778 | J10: =SUM(J6:J9) -> 30.462963 | K10: =SUM(K6:K9) -> 3.3847737 | M10: =SUM(M6:M9) -> 177.55556 | N10: =SUM(N6:N9) -> 22.194444 | O10: =SUM(O6:O9) -> 2.4660494 | Q10: =SUM(Q6:Q9) -> 37.666667 | S10: =SUM(S6:S9) -> 0 | T10: =SUM(T6:T9) -> 449.22222

Sheet Sem 17
A1: HORAS POR ETAPA — SEMANA 17
B2: JORNADA HRS → | C2: 9 | D2: HC → | F2: 4 | H2: HC → | J2: 6 | L2: HC → | N2: 8
B3: Modelo | C3: Pares Sem | D3: PRELIMINARES | H3: ROBOT | L3: POST | P3: N/A PRELIMINAR | R3: MAQUILA | T3: TOTAL
D4: Seg/Par | E4: HORAS | F4: PERSONAS | G4: DIAS | H4: Seg/Par | I4: HORAS | J4: PERSONAS | K4: DIAS | L4: Seg/Par | M4: HORAS | N4: PERSONAS | O4: DIAS | P4: Seg/Par | Q4: HORAS | R4: Seg/Par | S4: HORAS | T4: HRS
B6: 68127 NE/RO SLI | C6: 1300 | D6: 108 | E6: =C6*D6/3600 -> 39 | F6: =E6/$F$2 -> 9.75 | G6: =F6/$C$2 -> 1.0833333 | H6: 263 | I6: =C6*H6/3600 -> 94.972222 | J6: =I6/$J$2 -> 15.828704 | K6: =J6/$C$2 -> 1.7587449 | L6: 72 | M6: =C6*L6/3600 -> 26 | N6: =M6/$N$2 -> 3.25 | O6: =N6/$C$2 -> 0.36111111 | P6: 36 | Q6: =C6*P6/3600 -> 13 | R6: — | S6: — | T6: =E6+I6+M6+Q6 -> 172.97222
B7: 77525 NE TEX | C7: 1100 | D7: — | E7: — | F7: — | G7: — | H7: — | I7: — | J7: — | K7: — | L7: 108 | M7: =C7*L7/3600 -> 33 | N7: =M7/$N$2 -> 4.125 | O7: =N7/$C$2 -> 0.45833333 | P7: — | Q7: — | R7: 468 | S7: =C7*R7/3600 -> 143 | T7: =M7+S7 -> 176
B8: 65422 HU SLI | C8: 1000 | D8: 44 | E8: =C8*D8/3600 -> 12.222222 | F8: =E8/$F$2 -> 3.0555556 | G8: =F8/$C$2 -> 0.33950617 | H8: 155 | I8: =C8*H8/3600 -> 43.055556 | J8: =I8/$J$2 -> 7.1759259 | K8: =J8/$C$2 -> 0.7973251 | L8: 290 | M8: =C8*L8/3600 -> 80.555556 | N8: =M8/$N$2 -> 10.069444 | O8: =N8/$C$2 -> 1.1188272 | P8: 42 | Q8: =C8*P8/3600 -> 11.666667 | R8: — | S8: — | T8: =E8+I8+M8+Q8 -> 147.5
B9: 65413 NE/CG/VI SLI | C9: 800 | D9: — | E9: — | F9: — | G9: — | H9: 125 | I9: =C9*H9/3600 -> 27.777778 | J9: =I9/$J$2 -> 4.6296296 | K9: =J9/$C$2 -> 0.51440329 | L9: 144 | M9: =C9*L9/3600 -> 32 | N9: =M9/$N$2 -> 4 | O9: =N9/$C$2 -> 0.44444444 | P9: — | Q9: — | R9: — | S9: — | T9: =I9+M9 -> 59.777778
B10: 93349 RS SLI | C10: 600 | D10: SIN CATALOGO | T10: —
B11: TOTAL | C11: =SUM(C6:C10) -> 4800 | E11: =SUM(E6:E10) -> 51.222222 | F11: =SUM(F6:F10) -> 12.805556 | G11: =SUM(G6:G10) -> 1.4228395 | I11: =SUM(I6:I10) -> 165.80556 | J11: =SUM(J6:J10) -> 27.634259 | K11: =SUM(K6:K10) -> 3.0704733 | M11: =SUM(M6:M10) -> 171.55556 | N11: =SUM(N6:N10) -> 21.444444 | O11: =SUM(O6:O10) -> 2.382716 | Q11: =SUM(Q6:Q10) -> 24.666667 | S11: =SUM(S6:S10) -> 143 | T11: =SUM(T6:T10) -> 556.25

Sheet Sem 18
A1: HORAS POR ETAPA — SEMANA 18
B2: JORNADA HRS → | C2: 9 | D2: HC → | F2: 4 | H2: HC → | J2: 6 | L2: HC → | N2: 8
B3: Modelo | C3: Pares Sem | D3: PRELIMINARES | H3: ROBOT | L3: POST | P3: N/A PRELIMINAR | R3: MAQUILA | T3: TOTAL
D4: Seg/Par | E4: HORAS | F4: PERSONAS | G4: DIAS | H4: Seg/Par | I4: HORAS | J4: PERSONAS | K4: DIAS | L4: Seg/Par | M4: HORAS | N4: PERSONAS | O4: DIAS | P4: Seg/Par | Q4: HORAS | R4: Seg/Par | S4: HORAS | T4: HRS
B6: 77525 NE TEX | C6: 1100 | D6: — | E6: — | F6: — | G6: — | H6: — | I6: — | J6: — | K6: — | L6: 108 | M6: =C6*L6/3600 -> 33 | N6: =M6/$N$2 -> 4.125 | O6: =N6/$C$2 -> 0.45833333 | P6: — | Q6: — | R6: 468 | S6: =C6*R6/3600 -> 143 | T6: =M6+S6 -> 176
B7: 88186 NE SLI | C7: 900 | D7: 144 | E7: =C7*D7/3600 -> 36 | F7: =E7/$F$2 -> 9 | G7: =F7/$C$2 -> 1 | H7: 145 | I7: =C7*H7/3600 -> 36.25 | J7: =I7/$J$2 -> 6.0416667 | K7: =J7/$C$2 -> 0.6712963 | L7: 108 | M7: =C7*L7/3600 -> 27 | N7: =M7/$N$2 -> 3.375 | O7: =N7/$C$2 -> 0.375 | P7: 36 | Q7: =C7*P7/3600 -> 9 | R7: — | S7: — | T7: =E7+I7+M7+Q7 -> 108.25
B8: 62100 BL SLI | C8: 900 | D8: 134 | E8: =C8*D8/3600 -> 33.5 | F8: =E8/$F$2 -> 8.375 | G8: =F8/$C$2 -> 0.93055556 | H8: 141 | I8: =C8*H8/3600 -> 35.25 | J8: =I8/$J$2 -> 5.875 | K8: =J8/$C$2 -> 0.65277778 | L8: 658 | M8: =C8*L8/3600 -> 164.5 | N8: =M8/$N$2 -> 20.5625 | O8: =N8/$C$2 -> 2.2847222 | P8: — | Q8: — | R8: — | S8: — | T8: =E8+I8+M8 -> 233.25
B9: 93347 CA SLI | C9: 500 | D9: SIN CATALOGO | T9: —
B10: 69906 BL SLI | C10: 600 | D10: SIN CATALOGO | T10: —
B11: 93349 RS SLI | C11: 600 | D11: SIN CATALOGO | T11: —
B12: TOTAL | C12: =SUM(C6:C11) -> 4600 | E12: =SUM(E6:E11) -> 69.5 | F12: =SUM(F6:F11) -> 17.375 | G12: =SUM(G6:G11) -> 1.9305556 | I12: =SUM(I6:I11) -> 71.5 | J12: =SUM(J6:J11) -> 11.916667 | K12: =SUM(K6:K11) -> 1.3240741 | M12: =SUM(M6:M11) -> 224.5 | N12: =SUM(N6:N11) -> 28.0625 | O12: =SUM(O6:O11) -> 3.1180556 | Q12: =SUM(Q6:Q11) -> 9 | S12: =SUM(S6:S11) -> 143 | T12: =SUM(T6:T11) -> 517.5

Sheet Sem 19
A1: HORAS POR ETAPA — SEMANA 19
B2: JORNADA HRS → | C2: 9 | D2: HC → | F2: 4 | H2: HC → | J2: 6 | L2: HC → | N2: 8
B3: Modelo | C3: Pares Sem | D3: PRELIMINARES | H3: ROBOT | L3: POST | P3: N/A PRELIMINAR | R3: MAQUILA | T3: TOTAL
D4: Seg/Par | E4: HORAS | F4: PERSONAS | G4: DIAS | H4: Seg/Par | I4: HORAS | J4: PERSONAS | K4: DIAS | L4: Seg/Par | M4: HORAS | N4: PERSONAS | O4: DIAS | P4: Seg/Par | Q4: HORAS | R4: Seg/Par | S4: HORAS | T4: HRS
B6: 77525 NE TEX | C6: 1300 | D6: — | E6: — | F6: — | G6: — | H6: — | I6: — | J6: — | K6: — | L6: 108 | M6: =C6*L6/3600 -> 39 | N6: =M6/$N$2 -> 4.875 | O6: =N6/$C$2 -> 0.54166667 | P6: — | Q6: — | R6: 468 | S6: =C6*R6/3600 -> 169 | T6: =M6+S6 -> 208
B7: 88186 NE SLI | C7: 900 | D7: 144 | E7: =C7*D7/3600 -> 36 | F7: =E7/$F$2 -> 9 | G7: =F7/$C$2 -> 1 | H7: 145 | I7: =C7*H7/3600 -> 36.25 | J7: =I7/$J$2 -> 6.0416667 | K7: =J7/$C$2 -> 0.6712963 | L7: 108 | M7: =C7*L7/3600 -> 27 | N7: =M7/$N$2 -> 3.375 | O7: =N7/$C$2 -> 0.375 | P7: 36 | Q7: =C7*P7/3600 -> 9 | R7: — | S7: — | T7: =E7+I7+M7+Q7 -> 108.25
B8: 62100 BL SLI | C8: 900 | D8: 134 | E8: =C8*D8/3600 -> 33.5 | F8: =E8/$F$2 -> 8.375 | G8: =F8/$C$2 -> 0.93055556 | H8: 141 | I8: =C8*H8/3600 -> 35.25 | J8: =I8/$J$2 -> 5.875 | K8: =J8/$C$2 -> 0.65277778 | L8: 658 | M8: =C8*L8/3600 -> 164.5 | N8: =M8/$N$2 -> 20.5625 | O8: =N8/$C$2 -> 2.2847222 | P8: — | Q8: — | R8: — | S8: — | T8: =E8+I8+M8 -> 233.25
B9: 93347 CA SLI | C9: 500 | D9: SIN CATALOGO | T9: —
B10: 69906 BL SLI | C10: 600 | D10: SIN CATALOGO | T10: —
B11: 93346 NE SLI | C11: 600 | D11: SIN CATALOGO | T11: —
B12: TOTAL | C12: =SUM(C6:C11) -> 4800 | E12: =SUM(E6:E11) -> 69.5 | F12: =SUM(F6:F11) -> 17.375 | G12: =SUM(G6:G11) -> 1.9305556 | I12: =SUM(I6:I11) -> 71.5 | J12: =SUM(J6:J11) -> 11.916667 | K12: =SUM(K6:K11) -> 1.3240741 | M12: =SUM(M6:M11) -> 230.5 | N12: =SUM(N6:N11) -> 28.8125 | O12: =SUM(O6:O11) -> 3.2013889 | Q12: =SUM(Q6:Q11) -> 9 | S12: =SUM(S6:S11) -> 169 | T12: =SUM(T6:T11) -> 549.5

Sheet Sem 20
A1: HORAS POR ETAPA — SEMANA 20
B2: JORNADA HRS → | C2: 9 | D2: HC → | F2: 4 | H2: HC → | J2: 6 | L2: HC → | N2: 8
B3: Modelo | C3: Pares Sem | D3: PRELIMINARES | H3: ROBOT | L3: POST | P3: N/A PRELIMINAR | R3: MAQUILA | T3: TOTAL
D4: Seg/Par | E4: HORAS | F4: PERSONAS | G4: DIAS | H4: Seg/Par | I4: HORAS | J4: PERSONAS | K4: DIAS | L4: Seg/Par | M4: HORAS | N4: PERSONAS | O4: DIAS | P4: Seg/Par | Q4: HORAS | R4: Seg/Par | S4: HORAS | T4: HRS
B6: 64197 NE SLI | C6: 1300 | D6: — | E6: — | F6: — | G6: — | H6: 47 | I6: =C6*H6/3600 -> 16.972222 | J6: =I6/$J$2 -> 2.8287037 | K6: =J6/$C$2 -> 0.31430041 | L6: 108 | M6: =C6*L6/3600 -> 39 | N6: =M6/$N$2 -> 4.875 | O6: =N6/$C$2 -> 0.54166667 | P6: 36 | Q6: =C6*P6/3600 -> 13 | R6: — | S6: — | T6: =I6+M6+Q6 -> 68.972222
B7: 65568 RO/HU SLI | C7: 1100 | D7: 108 | E7: =C7*D7/3600 -> 33 | F7: =E7/$F$2 -> 8.25 | G7: =F7/$C$2 -> 0.91666667 | H7: 91 | I7: =C7*H7/3600 -> 27.805556 | J7: =I7/$J$2 -> 4.6342593 | K7: =J7/$C$2 -> 0.5149177 | L7: 108 | M7: =C7*L7/3600 -> 33 | N7: =M7/$N$2 -> 4.125 | O7: =N7/$C$2 -> 0.45833333 | P7: — | Q7: — | R7: — | S7: — | T7: =E7+I7+M7 -> 93.805556
B8: 94750 AA SLI | C8: 1500 | D8: 72 | E8: =C8*D8/3600 -> 30 | F8: =E8/$F$2 -> 7.5 | G8: =F8/$C$2 -> 0.83333333 | H8: 100 | I8: =C8*H8/3600 -> 41.666667 | J8: =I8/$J$2 -> 6.9444444 | K8: =J8/$C$2 -> 0.77160494 | L8: 36 | M8: =C8*L8/3600 -> 15 | N8: =M8/$N$2 -> 1.875 | O8: =N8/$C$2 -> 0.20833333 | P8: — | Q8: — | R8: 120 | S8: =C8*R8/3600 -> 50 | T8: =E8+I8+M8+S8 -> 136.66667
B9: 61747 GC SLI | C9: 900 | D9: 216 | E9: =C9*D9/3600 -> 54 | F9: =E9/$F$2 -> 13.5 | G9: =F9/$C$2 -> 1.5 | H9: 60 | I9: =C9*H9/3600 -> 15 | J9: =I9/$J$2 -> 2.5 | K9: =J9/$C$2 -> 0.27777778 | L9: 180 | M9: =C9*L9/3600 -> 45 | N9: =M9/$N$2 -> 5.625 | O9: =N9/$C$2 -> 0.625 | P9: — | Q9: — | R9: 424 | S9: =C9*R9/3600 -> 106 | T9: =E9+I9+M9+S9 -> 220
B10: TOTAL | C10: =SUM(C6:C9) -> 4800 | E10: =SUM(E6:E9) -> 117 | F10: =SUM(F6:F9) -> 29.25 | G10: =SUM(G6:G9) -> 3.25 | I10: =SUM(I6:I9) -> 101.44444 | J10: =SUM(J6:J9) -> 16.907407 | K10: =SUM(K6:K9) -> 1.8786008 | M10: =SUM(M6:M9) -> 132 | N10: =SUM(N6:N9) -> 16.5 | O10: =SUM(O6:O9) -> 1.8333333 | Q10: =SUM(Q6:Q9) -> 13 | S10: =SUM(S6:S9) -> 156 | T10: =SUM(T6:T9) -> 519.44444

Sheet Sem 21
A1: HORAS POR ETAPA — SEMANA 21
B2: JORNADA HRS → | C2: 9 | D2: HC → | F2: 4 | H2: HC → | J2: 6 | L2: HC → | N2: 8
B3: Modelo | C3: Pares Sem | D3: PRELIMINARES | H3: ROBOT | L3: POST | P3: N/A PRELIMINAR | R3: MAQUILA | T3: TOTAL
D4: Seg/Par | E4: HORAS | F4: PERSONAS | G4: DIAS | H4: Seg/Par | I4: HORAS | J4: PERSONAS | K4: DIAS | L4: Seg/Par | M4: HORAS | N4: PERSONAS | O4: DIAS | P4: Seg/Par | Q4: HORAS | R4: Seg/Par | S4: HORAS | T4: HRS
B6: 64197 NE SLI | C6: 1500 | D6: — | E6: — | F6: — | G6: — | H6: 47 | I6: =C6*H6/3600 -> 19.583333 | J6: =I6/$J$2 -> 3.2638889 | K6: =J6/$C$2 -> 0.36265432 | L6: 108 | M6: =C6*L6/3600 -> 45 | N6: =M6/$N$2 -> 5.625 | O6: =N6/$C$2 -> 0.625 | P6: 36 | Q6: =C6*P6/3600 -> 15 | R6: — | S6: — | T6: =I6+M6+Q6 -> 79.583333
B7: 65568 RO/HU SLI | C7: 1100 | D7: 108 | E7: =C7*D7/3600 -> 33 | F7: =E7/$F$2 -> 8.25 | G7: =F7/$C$2 -> 0.91666667 | H7: 91 | I7: =C7*H7/3600 -> 27.805556 | J7: =I7/$J$2 -> 4.6342593 | K7: =J7/$C$2 -> 0.5149177 | L7: 108 | M7: =C7*L7/3600 -> 33 | N7: =M7/$N$2 -> 4.125 | O7: =N7/$C$2 -> 0.45833333 | P7: — | Q7: — | R7: — | S7: — | T7: =E7+I7+M7 -> 93.805556
B8: 94750 AA SLI | C8: 1500 | D8: 72 | E8: =C8*D8/3600 -> 30 | F8: =E8/$F$2 -> 7.5 | G8: =F8/$C$2 -> 0.83333333 | H8: 100 | I8: =C8*H8/3600 -> 41.666667 | J8: =I8/$J$2 -> 6.9444444 | K8: =J8/$C$2 -> 0.77160494 | L8: 36 | M8: =C8*L8/3600 -> 15 | N8: =M8/$N$2 -> 1.875 | O8: =N8/$C$2 -> 0.20833333 | P8: — | Q8: — | R8: 120 | S8: =C8*R8/3600 -> 50 | T8: =E8+I8+M8+S8 -> 136.66667
B9: 61747 GC SLI | C9: 900 | D9: 216 | E9: =C9*D9/3600 -> 54 | F9: =E9/$F$2 -> 13.5 | G9: =F9/$C$2 -> 1.5 | H9: 60 | I9: =C9*H9/3600 -> 15 | J9: =I9/$J$2 -> 2.5 | K9: =J9/$C$2 -> 0.27777778 | L9: 180 | M9: =C9*L9/3600 -> 45 | N9: =M9/$N$2 -> 5.625 | O9: =N9/$C$2 -> 0.625 | P9: — | Q9: — | R9: 424 | S9: =C9*R9/3600 -> 106 | T9: =E9+I9+M9+S9 -> 220
B10: TOTAL | C10: =SUM(C6:C9) -> 5000 | E10: =SUM(E6:E9) -> 117 | F10: =SUM(F6:F9) -> 29.25 | G10: =SUM(G6:G9) -> 3.25 | I10: =SUM(I6:I9) -> 104.05556 | J10: =SUM(J6:J9) -> 17.342593 | K10: =SUM(K6:K9) -> 1.9269547 | M10: =SUM(M6:M9) -> 138 | N10: =SUM(N6:N9) -> 17.25 | O10: =SUM(O6:O9) -> 1.9166667 | Q10: =SUM(Q6:Q9) -> 15 | S10: =SUM(S6:S9) -> 156 | T10: =SUM(T6:T9) -> 530.05556

Sheet Resumen Semanal
A1: RESUMEN SEMANAL — HORAS POR ETAPA
B2: JORNADA HRS → | C2: 9 | D2: HC → | F2: 4 | H2: HC → | J2: 6 | L2: HC → | N2: 8
B3: Semana | C3: Pares | D3: PRELIMINARES | H3: ROBOT | L3: POST | P3: N/A PRELIMINAR | R3: MAQUILA | T3: TOTAL
E4: HORAS | F4: PERSONAS | G4: DIAS | I4: HORAS | J4: PERSONAS | K4: DIAS | M4: HORAS | N4: PERSONAS | O4: DIAS | Q4: HORAS | S4: HORAS | T4: HRS
B6: Sem 15 | C6: ='Sem 15'!C11 -> 5000 | E6: ='Sem 15'!E11 -> 147 | F6: =E6/$F$2 -> 36.75 | G6: =F6/$C$2 -> 4.0833333 | I6: ='Sem 15'!I11 -> 197.77778 | J6: =I6/$J$2 -> 32.962963 | K6: =J6/$C$2 -> 3.6625514 | M6: ='Sem 15'!M11 -> 159 | N6: =M6/$N$2 -> 19.875 | O6: =N6/$C$2 -> 2.2083333 | Q6: ='Sem 15'!Q11 -> 38 | S6: ='Sem 15'!S11 -> 0 | T6: =E6+I6+M6+Q6+S6 -> 541.77778
B7: Sem 16 | C7: ='Sem 16'!C10 -> 4400 | E7: ='Sem 16'!E10 -> 51.222222 | F7: =E7/$F$2 -> 12.805556 | G7: =F7/$C$2 -> 1.4228395 | I7: ='Sem 16'!I10 -> 182.77778 | J7: =I7/$J$2 -> 30.462963 | K7: =J7/$C$2 -> 3.3847737 | M7: ='Sem 16'!M10 -> 177.55556 | N7: =M7/$N$2 -> 22.194444 | O7: =N7/$C$2 -> 2.4660494 | Q7: ='Sem 16'!Q10 -> 37.666667 | S7: ='Sem 16'!S10 -> 0 | T7: =E7+I7+M7+Q7+S7 -> 449.22222
B8: Sem 17 | C8: ='Sem 17'!C11 -> 4800 | E8: ='Sem 17'!E11 -> 51.222222 | F8: =E8/$F$2 -> 12.805556 | G8: =F8/$C$2 -> 1.4228395 | I8: ='Sem 17'!I11 -> 165.80556 | J8: =I8/$J$2 -> 27.634259 | K8: =J8/$C$2 -> 3.0704733 | M8: ='Sem 17'!M11 -> 171.55556 | N8: =M8/$N$2 -> 21.444444 | O8: =N8/$C$2 -> 2.382716 | Q8: ='Sem 17'!Q11 -> 24.666667 | S8: ='Sem 17'!S11 -> 143 | T8: =E8+I8+M8+Q8+S8 -> 556.25
B9: Sem 18 | C9: ='Sem 18'!C12 -> 4600 | E9: ='Sem 18'!E12 -> 69.5 | F9: =E9/$F$2 -> 17.375 | G9: =F9/$C$2 -> 1.9305556 | I9: ='Sem 18'!I12 -> 71.5 | J9: =I9/$J$2 -> 11.916667 | K9: =J9/$C$2 -> 1.3240741 | M9: ='Sem 18'!M12 -> 224.5 | N9: =M9/$N$2 -> 28.0625 | O9: =N9/$C$2 -> 3.1180556 | Q9: ='Sem 18'!Q12 -> 9 | S9: ='Sem 18'!S12 -> 143 | T9: =E9+I9+M9+Q9+S9 -> 517.5
B10: Sem 19 | C10: ='Sem 19'!C12 -> 4800 | E10: ='Sem 19'!E12 -> 69.5 | F10: =E10/$F$2 -> 17.375 | G10: =F10/$C$2 -> 1.9305556 | I10: ='Sem 19'!I12 -> 71.5 | J10: =I10/$J$2 -> 11.916667 | K10: =J10/$C$2 -> 1.3240741 | M10: ='Sem 19'!M12 -> 230.5 | N10: =M10/$N$2 -> 28.8125 | O10: =N10/$C$2 -> 3.2013889 | Q10: ='Sem 19'!Q12 -> 9 | S10: ='Sem 19'!S12 -> 169 | T10: =E10+I10+M10+Q10+S10 -> 549.5
B11: Sem 20 | C11: ='Sem 20'!C10 -> 4800 | E11: ='Sem 20'!E10 -> 117 | F11: =E11/$F$2 -> 29.25 | G11: =F11/$C$2 -> 3.25 | I11: ='Sem 20'!I10 -> 101.44444 | J11: =I11/$J$2 -> 16.907407 | K11: =J11/$C$2 -> 1.8786008 | M11: ='Sem 20'!M10 -> 132 | N11: =M11/$N$2 -> 16.5 | O11: =N11/$C$2 -> 1.8333333 | Q11: ='Sem 20'!Q10 -> 13 | S11: ='Sem 20'!S10 -> 156 | T11: =E11+I11+M11+Q11+S11 -> 519.44444
B12: Sem 21 | C12: ='Sem 21'!C10 -> 5000 | E12: ='Sem 21'!E10 -> 117 | F12: =E12/$F$2 -> 29.25 | G12: =F12/$C$2 -> 3.25 | I12: ='Sem 21'!I10 -> 104.05556 | J12: =I12/$J$2 -> 17.342593 | K12: =J12/$C$2 -> 1.9269547 | M12: ='Sem 21'!M10 -> 138 | N12: =M12/$N$2 -> 17.25 | O12: =N12/$C$2 -> 1.9166667 | Q12: ='Sem 21'!Q10 -> 15 | S12: ='Sem 21'!S10 -> 156 | T12: =E12+I12+M12+Q12+S12 -> 530.05556
B13: TOTAL | C13: =SUM(C6:C12) -> 33400 | E13: =SUM(E6:E12) -> 622.44444 | F13: =SUM(F6:F12) -> 155.61111 | G13: =SUM(G6:G12) -> 17.290123 | I13: =SUM(I6:I12) -> 894.86111 | J13: =SUM(J6:J12) -> 149.14352 | K13: =SUM(K6:K12) -> 16.571502 | M13: =SUM(M6:M12) -> 1233.1111 | N13: =SUM(N6:N12) -> 154.13889 | O13: =SUM(O6:O12) -> 17.126543 | Q13: =SUM(Q6:Q12) -> 146.33333 | S13: =SUM(S6:S12) -> 767 | T13: =SUM(T6:T12) -> 3663.75

Sheet Seg por Par
A1: SEGUNDOS POR PAR POR ETAPA (DATOS CATALOGO)
B3: Modelo | C3: Total Seg/Par | D3: PRELIMINARES | E3: ROBOT | F3: POST | G3: N/A PRELIMINAR | H3: MAQUILA | I3: Pares/Hr
B4: 68127 NE/RO SLI | C4: =D4+E4+F4+G4 -> 479 | D4: 108 | E4: 263 | F4: 72 | G4: 36 | H4: 0 | I4: =IF(C4>0,3600/C4,0) -> 7.5156576
B5: 64197 NE SLI | C5: =E5+F5+G5 -> 191 | D5: 0 | E5: 47 | F5: 108 | G5: 36 | H5: 0 | I5: =IF(C5>0,3600/C5,0) -> 18.848168
B6: 65568 RO/HU SLI | C6: =D6+E6+F6 -> 307 | D6: 108 | E6: 91 | F6: 108 | G6: 0 | H6: 0 | I6: =IF(C6>0,3600/C6,0) -> 11.726384
B7: 77525 NE TEX | C7: =F7+H7 -> 576 | D7: 0 | E7: 0 | F7: 108 | G7: 0 | H7: 468 | I7: =IF(C7>0,3600/C7,0) -> 6.25
B8: 94750 AA SLI | C8: =D8+E8+F8+H8 -> 328 | D8: 72 | E8: 100 | F8: 36 | G8: 0 | H8: 120 | I8: =IF(C8>0,3600/C8,0) -> 10.97561
B9: 61747 GC SLI | C9: =D9+E9+F9+H9 -> 880 | D9: 216 | E9: 60 | F9: 180 | G9: 0 | H9: 424 | I9: =IF(C9>0,3600/C9,0) -> 4.0909091
B10: 65422 HU SLI | C10: =D10+E10+F10+G10 -> 531 | D10: 44 | E10: 155 | F10: 290 | G10: 42 | H10: 0 | I10: =IF(C10>0,3600/C10,0) -> 6.779661
B11: 88186 NE SLI | C11: =D11+E11+F11+G11 -> 433 | D11: 144 | E11: 145 | F11: 108 | G11: 36 | H11: 0 | I11: =IF(C11>0,3600/C11,0) -> 8.3140878
B12: 62100 BL SLI | C12: =D12+E12+F12 -> 933 | D12: 134 | E12: 141 | F12: 658 | G12: 0 | H12: 0 | I12: =IF(C12>0,3600/C12,0) -> 3.8585209
B13: 61748 KR SLI | C13: =D13+E13+F13+G13 -> 660 | D13: 180 | E13: 180 | F13: 240 | G13: 60 | H13: 0 | I13: =IF(C13>0,3600/C13,0) -> 5.4545455
B14: 65413 NE/CG/VI SLI | C14: =E14+F14 -> 269 | D14: 0 | E14: 125 | F14: 144 | G14: 0 | H14: 0 | I14: =IF(C14>0,3600/C14,0) -> 13.3829
